userID	u_gender
0	0
1	1
2	1
3	1
4	1
5	0
6	1
7	1
9	0
10	0
11	1
12	1
13	1
16	1
18	1
19	1
20	1
21	1
22	1
24	1
25	1
26	1
27	0
28	1
32	1
34	1
35	1
36	0
38	1
39	1
40	0
41	1
42	1
43	1
45	1
46	1
48	1
49	0
51	1
52	1
53	1
54	0
55	1
56	1
57	1
58	0
59	1
60	1
61	0
62	1
64	1
66	0
67	1
68	0
70	1
72	1
73	1
74	0
75	1
76	1
77	0
78	0
81	1
82	0
83	1
85	0
86	1
87	0
89	1
91	0
92	1
94	1
95	0
96	0
97	0
98	0
99	1
103	1
104	1
105	0
108	1
111	1
112	1
113	0
114	1
115	1
116	1
117	1
118	0
119	1
120	1
122	1
123	1
125	1
126	0
127	1
128	1
129	1
130	1
131	1
133	1
134	1
136	0
137	1
138	0
139	0
140	1
141	1
143	1
145	0
146	1
147	1
148	1
150	0
152	1
153	1
154	1
155	0
158	0
159	1
160	1
161	0
162	1
163	0
164	1
165	1
166	0
169	1
170	0
171	1
172	1
173	1
174	0
175	0
176	1
178	1
180	1
182	0
184	1
186	0
187	1
188	1
189	1
190	1
191	1
192	0
193	0
194	1
195	0
196	1
197	1
200	0
201	1
202	0
203	1
204	1
205	1
206	1
207	1
209	0
210	1
211	1
212	0
213	1
214	1
215	1
216	1
217	1
218	0
219	1
220	0
222	1
223	0
224	1
225	1
226	1
229	1
231	1
232	0
234	1
235	1
236	1
237	0
238	1
241	0
242	1
243	1
244	1
246	1
249	1
250	1
252	0
253	1
255	1
256	1
257	1
258	1
260	1
261	0
262	0
264	0
265	1
266	1
267	0
268	1
269	1
270	1
271	1
273	1
274	1
275	1
276	0
277	1
278	1
280	0
281	1
282	1
283	1
284	0
285	1
287	0
288	0
289	0
291	1
294	1
295	1
298	1
299	1
300	1
301	1
302	1
304	0
305	1
306	1
309	0
310	1
311	0
312	0
313	0
314	0
316	1
317	0
318	0
320	1
321	1
322	1
326	1
327	1
328	1
329	1
330	1
331	1
332	1
334	1
335	1
337	1
338	1
339	0
340	0
341	1
342	0
343	1
345	0
347	1
348	1
350	1
352	0
353	1
355	1
356	1
357	0
358	1
359	1
360	0
361	1
362	1
363	0
364	0
365	1
366	1
368	1
369	1
370	1
372	0
374	1
375	1
376	1
377	0
378	0
379	1
382	0
383	1
384	1
385	1
386	0
387	0
388	1
389	1
390	1
391	1
392	1
394	1
395	1
396	1
397	1
398	0
399	0
400	1
402	1
403	1
404	1
405	1
406	1
407	1
409	0
411	1
412	1
413	1
415	1
417	0
419	1
421	1
423	1
424	1
427	0
428	1
429	0
430	1
431	1
433	0
434	1
435	1
436	1
438	1
440	1
441	1
442	1
444	1
446	0
448	1
449	1
450	1
451	1
454	0
455	1
456	1
457	1
458	0
459	1
460	1
461	1
462	1
463	0
464	1
466	0
467	0
470	1
474	0
475	1
477	1
479	0
480	1
481	1
482	1
483	0
484	1
487	1
488	1
489	1
490	1
492	1
493	0
494	1
495	1
496	0
498	0
499	0
500	1
502	1
503	1
504	1
507	1
508	1
509	1
510	0
511	1
512	1
513	1
514	1
515	0
516	0
517	0
518	0
519	0
520	1
521	1
522	1
523	1
524	1
525	1
526	0
527	0
528	1
529	1
531	1
532	1
533	1
536	1
537	1
539	1
540	0
541	1
542	1
543	1
545	0
546	1
547	0
548	1
550	1
551	1
552	1
554	1
556	1
557	1
558	0
559	1
560	0
562	1
563	1
566	1
567	0
568	0
569	1
570	1
571	1
572	0
573	1
574	1
575	0
578	1
579	1
580	1
581	1
582	0
583	0
585	1
587	0
588	1
590	1
591	1
592	0
593	0
594	1
595	0
596	1
597	1
600	0
601	0
602	0
603	1
606	1
607	1
608	1
609	1
610	1
612	1
614	1
615	1
616	0
617	1
618	0
619	1
620	1
621	1
623	1
627	0
628	0
629	0
630	1
631	1
632	1
633	0
634	1
635	1
636	1
637	1
638	1
639	1
640	0
641	0
642	1
643	1
644	1
645	1
646	1
647	0
648	1
649	1
650	1
651	1
652	1
653	1
656	0
657	0
658	0
659	1
660	1
661	1
662	0
663	1
664	1
665	0
666	1
667	0
668	1
669	1
670	1
671	1
672	1
673	1
674	1
675	1
677	1
678	1
679	1
680	1
682	1
684	1
685	1
686	0
687	1
688	0
689	1
690	1
692	1
693	1
694	0
695	1
697	1
698	1
699	1
700	0
702	0
703	0
704	1
707	1
708	1
709	1
713	1
714	1
715	1
716	1
717	1
718	1
719	1
720	0
722	1
723	1
725	0
726	1
727	1
728	1
729	1
731	1
732	1
733	1
735	1
736	1
738	1
739	1
740	1
741	1
743	1
744	1
745	0
749	0
750	0
753	1
754	0
756	1
757	1
758	0
759	1
760	1
761	1
762	1
766	1
767	1
768	1
769	1
770	0
771	1
772	1
773	1
774	1
775	0
777	1
778	1
779	1
780	1
781	1
782	1
784	1
785	1
786	1
788	1
790	1
791	1
792	0
793	1
795	1
796	0
797	0
798	0
799	0
801	1
802	1
803	1
804	1
806	1
809	1
813	0
814	1
815	1
816	1
817	1
818	1
819	1
820	1
821	0
822	1
823	1
824	1
825	0
826	1
827	1
828	1
829	1
830	0
831	1
832	1
833	0
834	1
835	1
836	1
837	1
838	1
839	0
840	0
841	0
842	1
843	1
844	0
845	1
846	0
847	1
849	1
850	1
851	1
852	1
853	0
854	0
855	0
856	1
857	1
858	1
859	1
860	1
862	1
863	0
864	1
866	1
867	1
868	1
869	0
870	1
871	1
872	1
873	1
874	1
875	1
876	1
878	1
880	1
882	0
883	1
884	1
885	0
886	0
887	0
888	1
890	1
891	1
892	0
894	1
895	1
897	1
898	0
899	0
900	0
901	1
902	1
904	0
905	1
906	0
908	1
909	0
910	1
912	1
913	0
914	1
916	1
917	0
918	0
919	1
920	1
921	1
922	1
923	1
924	0
925	1
927	0
928	1
929	1
930	0
931	0
933	0
934	1
935	1
936	1
937	0
938	0
939	1
940	1
941	0
942	0
943	1
944	1
945	1
946	1
947	1
948	1
949	1
950	1
951	1
953	0
954	0
955	1
956	1
957	1
958	1
959	1
961	0
962	1
963	1
965	1
966	0
967	1
968	0
970	1
971	1
972	0
973	1
974	1
975	1
976	1
979	1
980	1
981	0
982	0
983	1
984	1
985	0
986	0
987	1
988	1
989	1
990	0
991	0
992	1
993	1
995	1
997	1
998	1
999	0
1000	1
1001	1
1003	1
1004	1
1005	1
1006	1
1007	1
1008	1
1009	1
1010	1
1011	0
1012	1
1013	0
1014	1
1015	1
1016	1
1017	1
1018	1
1019	1
1021	1
1023	0
1026	1
1028	1
1029	1
1030	1
1031	1
1034	1
1035	1
1036	1
1037	0
1040	1
1041	1
1043	1
1045	1
1048	1
1050	0
1051	0
1052	1
1053	1
1054	1
1056	1
1058	0
1059	1
1060	1
1061	1
1062	1
1063	1
1064	0
1065	1
1066	1
1067	0
1068	1
1069	0
1070	1
1071	0
1072	0
1076	1
1077	0
1078	1
1079	1
1080	1
1081	1
1082	1
1083	1
1085	1
1087	0
1088	1
1089	1
1091	0
1092	1
1093	0
1096	1
1098	1
1099	1
1100	1
1102	0
1104	1
1105	1
1106	0
1107	1
1110	0
1111	1
1112	1
1113	0
1114	0
1115	1
1116	1
1117	1
1118	1
1120	1
1121	1
1122	1
1123	1
1124	0
1125	1
1126	1
1127	1
1130	1
1131	1
1132	1
1133	1
1134	1
1135	0
1136	1
1137	1
1138	1
1139	0
1140	0
1141	1
1143	1
1145	0
1146	1
1147	1
1148	1
1149	0
1150	1
1151	1
1152	1
1153	0
1154	1
1155	0
1156	1
1157	0
1159	1
1160	1
1162	1
1164	1
1165	1
1166	0
1167	0
1169	1
1171	0
1173	0
1174	0
1177	1
1178	1
1179	0
1180	1
1182	1
1184	0
1185	1
1187	1
1189	1
1190	0
1191	1
1195	0
1196	1
1198	1
1200	1
1201	1
1202	0
1203	1
1204	0
1205	0
1206	1
1207	1
1208	1
1210	1
1211	0
1213	1
1214	1
1216	1
1217	1
1218	1
1222	1
1224	1
1226	1
1227	1
1228	0
1229	1
1230	1
1231	0
1232	0
1233	1
1234	0
1236	1
1237	0
1238	0
1239	0
1240	1
1241	0
1243	1
1245	1
1246	1
1247	0
1248	1
1249	1
1250	1
1251	1
1252	0
1254	1
1255	1
1256	0
1257	1
1258	1
1259	1
1260	1
1262	1
1263	1
1264	0
1265	1
1266	1
1267	1
1269	1
1270	0
1271	1
1273	1
1274	1
1275	1
1276	0
1277	1
1278	1
1279	1
1280	1
1281	1
1282	0
1283	1
1284	1
1285	1
1286	0
1287	0
1288	1
1289	1
1290	0
1291	1
1292	1
1293	0
1294	0
1296	1
1298	1
1299	1
1300	0
1301	1
1303	1
1304	1
1305	1
1306	1
1307	1
1308	1
1309	1
1311	1
1312	1
1313	0
1314	1
1316	1
1317	1
1318	0
1320	0
1324	1
1325	0
1326	1
1327	1
1329	1
1331	1
1332	1
1333	1
1334	1
1336	1
1337	1
1338	1
1339	1
1340	1
1341	1
1342	1
1343	0
1346	0
1347	0
1348	1
1349	0
1350	0
1352	1
1353	0
1355	0
1356	1
1358	1
1359	1
1360	0
1361	1
1363	0
1364	0
1365	1
1366	1
1367	0
1368	1
1369	1
1372	0
1373	1
1375	0
1376	1
1377	0
1378	0
1380	1
1381	0
1382	0
1384	0
1385	0
1386	0
1387	1
1388	1
1389	1
1390	1
1391	1
1392	1
1394	1
1395	0
1396	1
1398	1
1399	1
1401	1
1402	0
1403	1
1404	1
1405	1
1408	1
1409	1
1410	1
1412	1
1413	1
1414	1
1415	1
1416	1
1417	1
1418	0
1420	0
1422	1
1423	1
1424	1
1426	1
1427	0
1428	0
1429	1
1430	1
1431	1
1432	0
1434	1
1435	0
1436	1
1437	1
1439	1
1440	1
1441	1
1442	1
1443	0
1444	1
1445	1
1446	1
1447	0
1449	1
1450	1
1452	1
1453	1
1455	1
1456	1
1457	1
1458	0
1459	0
1460	0
1461	1
1462	1
1463	1
1464	1
1465	1
1466	1
1467	1
1469	1
1470	1
1472	1
1473	1
1474	0
1475	0
1476	0
1477	1
1478	0
1479	1
1481	1
1482	1
1484	0
1486	1
1489	1
1490	1
1491	1
1492	0
1493	1
1494	1
1495	1
1497	1
1499	1
1500	1
1501	1
1502	1
1503	1
1504	1
1506	1
1508	1
1510	1
1511	1
1512	0
1513	1
1515	0
1516	1
1517	1
1518	1
1519	1
1521	1
1522	1
1523	1
1524	0
1525	1
1526	1
1527	1
1528	1
1529	1
1530	1
1531	1
1532	1
1534	0
1535	0
1537	1
1538	1
1540	1
1541	1
1542	1
1546	1
1547	1
1548	1
1549	1
1551	1
1552	0
1553	0
1555	1
1556	0
1558	1
1560	0
1563	1
1565	1
1567	0
1568	0
1570	1
1571	0
1572	1
1573	1
1574	0
1575	0
1576	1
1577	1
1578	1
1579	0
1580	0
1581	1
1582	1
1583	1
1584	1
1585	1
1586	0
1587	1
1588	1
1589	1
1590	1
1591	1
1592	1
1593	0
1594	1
1596	1
1597	1
1598	1
1600	1
1601	0
1602	0
1603	1
1604	0
1605	0
1606	1
1607	1
1610	1
1613	1
1614	0
1615	1
1618	1
1619	1
1621	1
1622	1
1624	1
1625	1
1626	1
1627	1
1628	1
1629	1
1631	1
1633	0
1635	0
1636	1
1637	0
1638	1
1639	1
1640	1
1641	1
1642	1
1643	1
1644	0
1645	1
1646	1
1647	1
1648	1
1649	1
1651	1
1652	1
1653	0
1655	1
1656	0
1658	0
1659	0
1660	1
1661	1
1663	0
1664	1
1665	1
1666	1
1667	1
1668	0
1673	1
1674	0
1675	1
1676	1
1677	0
1678	1
1679	1
1680	1
1681	1
1682	0
1683	1
1685	1
1686	1
1687	0
1688	1
1689	1
1690	0
1691	1
1692	1
1693	1
1696	0
1697	1
1698	0
1701	1
1702	1
1703	1
1704	0
1705	1
1707	1
1708	1
1709	1
1710	0
1711	1
1712	1
1713	1
1714	1
1715	1
1716	0
1717	1
1719	1
1721	1
1722	1
1723	1
1724	1
1725	1
1727	1
1731	1
1733	1
1734	1
1735	1
1736	1
1739	1
1740	1
1742	1
1743	1
1744	1
1746	1
1748	1
1749	1
1750	1
1751	1
1752	1
1753	1
1754	0
1755	0
1756	1
1757	0
1758	1
1759	0
1760	1
1761	1
1762	1
1763	1
1764	1
1766	1
1767	1
1768	1
1771	1
1772	1
1774	1
1775	1
1776	1
1778	1
1779	1
1781	1
1782	1
1783	1
1784	1
1785	1
1786	1
1787	1
1788	1
1789	1
1790	1
1791	0
1792	1
1793	1
1794	1
1795	1
1796	1
1797	1
1798	1
1799	1
1800	0
1801	1
1802	1
1803	1
1804	1
1805	1
1806	1
1807	0
1808	0
1809	1
1810	1
1811	0
1812	0
1813	1
1814	1
1815	0
1816	1
1818	0
1819	1
1821	0
1822	0
1823	0
1824	1
1826	0
1827	1
1828	1
1829	1
1830	1
1833	1
1834	1
1835	1
1836	1
1838	1
1841	1
1842	1
1843	0
1845	1
1846	1
1847	1
1848	1
1849	1
1850	1
1851	1
1852	1
1853	1
1854	1
1855	1
1856	1
1857	0
1858	0
1860	1
1861	1
1863	1
1864	0
1865	1
1866	1
1867	1
1868	1
1869	1
1870	0
1873	1
1875	1
1877	1
1878	1
1880	1
1881	1
1882	0
1884	1
1885	1
1886	1
1887	1
1889	1
1890	1
1895	1
1896	0
1897	1
1898	0
1899	1
1900	1
1901	1
1903	1
1904	0
1906	1
1907	1
1908	1
1909	1
1910	0
1911	1
1913	0
1914	1
1915	1
1917	0
1918	1
1920	1
1921	0
1922	1
1923	0
1924	1
1925	0
1927	1
1928	0
1929	1
1930	1
1931	1
1932	1
1933	1
1934	1
1935	1
1936	1
1937	0
1938	0
1939	1
1940	1
1941	1
1942	1
1943	0
1944	1
1945	1
1946	1
1947	1
1948	1
1949	1
1950	0
1952	0
1953	1
1955	1
1956	0
1957	0
1958	0
1959	1
1960	0
1966	1
1967	1
1968	0
1969	1
1970	0
1972	1
1974	1
1975	1
1976	1
1977	1
1979	1
1980	1
1981	1
1982	1
1984	1
1985	1
1986	1
1987	0
1988	1
1989	1
1990	1
1991	1
1992	1
1993	1
1994	1
1995	1
1996	1
1997	0
1998	0
1999	1
2000	1
2001	0
2003	1
2005	1
2006	1
2007	1
2009	1
2010	0
2011	1
2012	1
2013	1
2014	1
2015	0
2016	1
2017	1
2019	1
2020	1
2021	1
2023	1
2026	0
2027	1
2028	0
2029	1
2030	1
2032	0
2033	0
2035	0
2036	1
2037	0
2038	1
2039	0
2040	0
2041	1
2043	0
2044	0
2045	1
2046	1
2047	1
2048	0
2049	0
2050	1
2051	1
2052	1
2054	1
2055	1
2056	1
2057	0
2058	1
2059	1
2060	1
2061	1
2062	1
2064	1
2065	0
2066	1
2068	1
2069	0
2070	1
2071	0
2072	0
2073	1
2074	0
2075	1
2076	1
2078	1
2079	1
2081	1
2082	1
2084	1
2085	1
2087	1
2088	1
2089	1
2090	0
2092	1
2093	1
2096	1
2097	1
2100	1
2101	1
2102	1
2104	1
2105	0
2106	1
2107	1
2108	1
2109	1
2110	1
2111	0
2112	1
2113	1
2115	1
2116	1
2118	1
2120	1
2121	1
2122	0
2123	1
2124	1
2125	1
2126	1
2127	0
2128	1
2129	1
2130	1
2131	1
2133	1
2134	1
2135	1
2136	0
2137	0
2138	0
2139	1
2140	0
2141	0
2143	1
2145	1
2146	0
2147	0
2148	1
2150	1
2151	1
2152	1
2154	0
2155	1
2156	0
2157	1
2158	0
2159	0
2160	0
2161	0
2162	1
2163	1
2165	1
2166	0
2168	1
2169	0
2170	1
2171	1
2172	1
2173	1
2174	1
2175	1
2176	0
2178	0
2179	1
2180	1
2181	0
2183	1
2184	1
2185	1
2186	1
2188	1
2189	0
2190	1
2192	1
2193	1
2194	1
2196	0
2198	1
2199	1
2200	1
2201	0
2202	1
2203	1
2204	0
2205	1
2206	1
2207	1
2208	1
2209	1
2210	1
2211	1
2212	0
2214	0
2215	0
2216	1
2217	1
2218	1
2219	0
2220	1
2221	0
2222	1
2223	1
2224	1
2227	1
2228	1
2229	0
2230	1
2231	1
2233	1
2234	1
2235	1
2236	0
2237	0
2238	1
2239	1
2241	1
2242	1
2243	1
2246	1
2247	0
2248	1
2249	1
2250	1
2253	1
2254	0
2255	0
2256	0
2257	0
2258	0
2259	0
2260	1
2261	1
2262	1
2263	0
2264	1
2265	0
2266	0
2267	0
2268	0
2269	1
2270	1
2274	1
2277	1
2278	1
2279	1
2280	1
2281	1
2282	1
2283	1
2284	0
2285	1
2286	1
2289	1
2290	1
2293	1
2294	1
2295	0
2296	1
2297	1
2300	0
2301	1
2302	1
2303	1
2305	0
2307	0
2308	0
2309	1
2310	0
2311	1
2313	0
2315	1
2317	1
2319	0
2320	1
2321	0
2322	1
2324	0
2325	1
2326	1
2327	1
2329	1
2331	1
2332	1
2334	1
2335	1
2336	1
2338	0
2339	1
2340	1
2341	1
2342	0
2343	1
2346	1
2347	1
2349	1
2351	1
2352	0
2353	1
2354	0
2355	0
2356	0
2357	0
2359	1
2360	1
2361	1
2362	1
2363	0
2365	0
2366	0
2367	0
2368	1
2369	1
2370	0
2371	0
2372	1
2373	1
2374	0
2375	1
2376	1
2378	1
2379	1
2381	1
2382	0
2383	1
2384	0
2385	0
2386	1
2389	0
2390	1
2391	0
2392	1
2393	1
2394	1
2395	0
2396	0
2397	1
2398	1
2400	1
2401	1
2403	1
2404	1
2407	0
2408	0
2410	0
2411	1
2413	1
2415	1
2416	1
2418	1
2419	1
2420	1
2421	0
2422	0
2423	1
2424	0
2425	1
2426	0
2427	1
2428	1
2429	1
2430	0
2431	1
2433	1
2434	1
2435	1
2437	1
2438	1
2439	1
2442	0
2443	0
2444	1
2446	1
2448	1
2449	1
2451	1
2452	1
2453	1
2454	1
2455	1
2458	1
2459	0
2460	1
2461	1
2462	1
2464	1
2465	1
2466	1
2467	1
2468	1
2469	1
2470	1
2472	1
2474	0
2475	1
2478	0
2479	0
2480	1
2481	0
2482	1
2483	1
2484	1
2485	1
2487	0
2489	1
2490	1
2491	0
2492	1
2493	1
2494	0
2495	1
2496	0
2497	1
2500	1
2501	1
2502	1
2503	1
2504	1
2505	0
2506	1
2507	0
2508	1
2509	1
2510	1
2511	0
2512	1
2513	1
2514	1
2516	0
2519	0
2520	1
2521	1
2522	1
2523	0
2524	0
2525	1
2526	1
2527	1
2528	0
2529	1
2530	0
2532	0
2533	0
2536	1
2537	1
2538	1
2539	0
2540	0
2541	0
2542	0
2543	1
2544	1
2545	0
2546	0
2547	0
2550	1
2551	0
2552	1
2553	1
2554	1
2555	1
2556	0
2557	1
2558	1
2559	0
2560	1
2561	1
2562	1
2563	0
2564	1
2565	1
2566	1
2567	1
2568	1
2569	0
2570	1
2571	1
2573	1
2574	1
2578	1
2579	0
2580	1
2581	0
2583	0
2585	1
2586	1
2587	0
2588	1
2589	1
2590	1
2591	1
2592	1
2593	1
2595	1
2596	0
2597	1
2599	1
2600	1
2601	1
2604	1
2605	1
2606	0
2607	0
2608	0
2610	1
2611	0
2612	1
2613	1
2614	1
2615	1
2616	0
2617	0
2620	1
2621	0
2623	0
2624	1
2625	1
2626	1
2627	0
2628	1
2630	0
2631	1
2632	0
2634	1
2635	1
2636	0
2637	1
2638	0
2639	1
2640	1
2643	1
2644	1
2645	1
2647	1
2648	1
2649	1
2651	1
2652	1
2653	0
2654	1
2655	1
2656	0
2657	1
2658	1
2659	1
2660	1
2661	1
2663	1
2664	1
2665	1
2666	0
2667	0
2668	1
2670	0
2672	1
2674	1
2675	1
2676	0
2677	1
2678	0
2679	1
2681	1
2682	1
2684	1
2686	1
2687	1
2689	1
2690	1
2691	0
2692	1
2693	1
2694	1
2695	1
2696	0
2697	0
2699	1
2700	1
2701	1
2702	1
2703	1
2704	1
2706	1
2708	0
2709	1
2710	0
2711	0
2712	1
2713	1
2714	0
2715	0
2717	0
2718	1
2719	1
2720	1
2721	1
2722	0
2723	0
2724	1
2725	1
2726	1
2727	1
2729	1
2730	1
2731	1
2732	1
2733	0
2734	1
2735	1
2736	1
2737	0
2738	0
2739	1
2740	1
2741	1
2742	1
2743	1
2744	0
2745	1
2747	1
2748	1
2749	0
2750	0
2752	0
2754	1
2755	1
2756	1
2757	1
2759	1
2760	1
2761	1
2762	0
2763	1
2764	1
2765	1
2766	1
2768	1
2769	1
2770	1
2772	1
2773	1
2774	0
2776	1
2777	1
2779	1
2780	1
2781	0
2782	1
2783	1
2785	1
2786	1
2787	1
2789	1
2790	1
2791	1
2793	1
2794	1
2795	1
2796	0
2797	1
2800	0
2801	1
2802	1
2804	1
2805	1
2806	0
2808	1
2810	1
2811	1
2812	1
2813	1
2814	1
2815	1
2816	1
2817	1
2818	1
2819	0
2822	1
2823	1
2824	0
2825	1
2827	1
2829	1
2830	1
2831	1
2832	1
2833	1
2835	1
2837	1
2838	1
2839	1
2841	1
2842	0
2843	1
2844	1
2845	0
2846	1
2848	1
2849	1
2852	1
2853	0
2854	1
2856	1
2858	1
2860	1
2861	1
2862	0
2863	0
2864	0
2866	1
2867	1
2868	1
2869	1
2870	0
2871	1
2872	0
2873	0
2874	1
2875	1
2876	1
2877	0
2878	1
2879	1
2880	0
2882	1
2883	0
2884	0
2885	1
2886	1
2888	1
2889	1
2891	1
2892	1
2893	1
2895	1
2896	1
2897	1
2898	1
2899	1
2901	1
2902	1
2903	1
2904	1
2905	1
2906	0
2907	1
2908	1
2909	1
2910	0
2911	0
2912	0
2913	1
2914	1
2915	1
2918	1
2919	1
2920	1
2921	1
2922	1
2923	0
2924	0
2926	1
2928	1
2929	1
2930	1
2931	1
2932	1
2933	0
2934	1
2935	0
2936	0
2938	0
2939	1
2940	1
2944	0
2945	1
2946	0
2947	1
2948	1
2949	1
2950	0
2952	1
2953	1
2954	1
2956	1
2957	1
2958	1
2959	1
2961	1
2962	0
2964	0
2965	0
2967	0
2968	1
2969	1
2971	1
2972	0
2973	1
2974	1
2975	1
2976	0
2978	1
2979	1
2980	1
2981	1
2982	1
2983	1
2984	1
2985	1
2987	0
2988	1
2989	1
2990	1
2991	1
2992	1
2993	1
2994	1
2995	1
2997	0
2999	1
3000	1
3001	1
3003	0
3004	1
3005	1
3006	1
3007	1
3009	1
3010	1
3013	1
3015	1
3016	0
3017	1
3019	0
3020	0
3021	1
3022	0
3023	1
3025	0
3026	1
3027	1
3028	1
3029	1
3030	1
3031	1
3032	1
3035	1
3036	0
3037	0
3039	1
3040	1
3041	1
3042	1
3044	1
3045	1
3046	0
3047	1
3048	0
3049	1
3050	1
3051	1
3052	0
3054	0
3055	1
3056	0
3057	1
3058	1
3059	0
3060	1
3061	1
3062	1
3064	0
3065	1
3066	0
3067	0
3068	1
3069	0
3071	1
3072	1
3073	1
3074	0
3075	1
3076	1
3077	0
3078	0
3079	1
3081	0
3082	0
3083	1
3084	1
3086	0
3087	0
3088	1
3089	1
3091	1
3092	0
3093	1
3094	0
3097	1
3098	1
3099	0
3100	1
3101	1
3102	1
3104	1
3105	1
3107	1
3108	0
3109	1
3110	1
3111	1
3112	1
3114	1
3115	1
3117	1
3118	1
3119	1
3120	1
3122	1
3123	1
3124	1
3125	1
3126	0
3128	1
3130	0
3131	1
3132	1
3134	1
3136	1
3137	1
3138	1
3139	0
3140	1
3141	1
3142	0
3143	0
3144	1
3145	1
3146	1
3147	1
3148	1
3149	0
3150	0
3151	1
3152	0
3153	0
3155	1
3156	1
3157	1
3158	0
3160	1
3162	1
3163	1
3164	1
3165	1
3166	1
3169	1
3170	0
3171	1
3172	1
3173	0
3174	1
3175	1
3177	0
3178	0
3179	1
3180	1
3181	1
3182	1
3183	0
3184	1
3185	1
3186	1
3187	1
3188	1
3189	1
3190	1
3191	1
3192	1
3194	1
3196	0
3197	1
3199	0
3201	0
3202	1
3205	1
3206	1
3208	1
3209	0
3210	1
3212	0
3215	1
3216	0
3217	1
3218	0
3219	1
3220	1
3221	1
3222	1
3223	0
3224	1
3225	1
3226	0
3228	0
3229	1
3230	1
3231	1
3232	1
3233	0
3234	1
3236	1
3237	1
3238	0
3239	1
3240	0
3241	1
3242	1
3243	0
3244	1
3246	1
3247	0
3249	1
3251	1
3252	0
3253	0
3254	0
3255	1
3257	1
3258	0
3259	1
3260	1
3261	1
3262	1
3263	0
3264	1
3265	0
3266	1
3267	1
3268	0
3269	1
3270	0
3271	1
3272	1
3273	1
3274	1
3275	1
3276	1
3277	1
3278	1
3279	1
3280	1
3281	1
3282	1
3283	1
3284	1
3286	1
3287	1
3289	1
3291	0
3292	1
3293	1
3294	1
3295	1
3296	1
3297	1
3298	0
3299	1
3300	0
3301	1
3302	1
3303	0
3304	1
3305	1
3308	1
3309	1
3310	1
3311	0
3312	1
3313	1
3314	1
3315	1
3316	1
3317	1
3319	1
3321	0
3322	1
3323	1
3324	0
3325	1
3326	1
3327	1
3329	0
3330	0
3331	1
3333	1
3335	1
3336	1
3338	1
3339	1
3342	0
3343	1
3344	1
3345	1
3347	1
3348	0
3349	0
3350	0
3351	1
3353	1
3354	1
3355	1
3356	1
3358	1
3359	0
3360	1
3361	0
3362	0
3363	1
3364	1
3365	1
3366	1
3367	1
3368	1
3369	1
3370	1
3371	1
3373	1
3374	1
3375	1
3376	1
3377	1
3378	1
3379	1
3380	1
3384	0
3385	1
3386	1
3387	0
3388	1
3389	0
3390	1
3391	1
3392	1
3393	1
3394	1
3395	1
3396	1
3397	1
3398	1
3399	1
3400	1
3401	1
3402	1
3404	1
3406	0
3407	1
3408	1
3410	1
3415	1
3416	0
3417	0
3418	1
3419	0
3420	1
3421	1
3423	1
3424	1
3425	1
3426	1
3427	1
3429	0
3430	0
3431	1
3432	1
3433	1
3434	1
3435	1
3436	0
3437	0
3438	1
3439	1
3440	0
3441	1
3444	0
3445	1
3446	1
3447	0
3448	1
3449	1
3451	1
3452	1
3453	1
3455	1
3456	1
3457	1
3458	1
3460	1
3461	0
3462	1
3463	0
3464	1
3465	1
3466	1
3467	1
3468	1
3469	1
3470	1
3471	1
3472	0
3473	1
3474	1
3476	0
3478	1
3479	1
3481	1
3482	0
3483	1
3484	1
3485	0
3486	1
3487	1
3488	1
3489	1
3490	1
3492	1
3493	1
3494	1
3495	1
3496	0
3498	1
3499	1
3500	0
3501	0
3502	1
3503	1
3505	1
3506	1
3507	1
3508	1
3509	0
3510	1
3511	1
3512	1
3513	1
3514	1
3516	1
3517	0
3519	1
3521	1
3522	1
3523	0
3524	0
3525	1
3526	1
3527	1
3528	0
3529	1
3530	0
3531	0
3533	1
3534	1
3537	1
3538	0
3539	1
3541	1
3542	1
3544	1
3546	1
3547	1
3548	0
3549	1
3550	0
3551	0
3552	1
3553	1
3554	1
3555	1
3556	1
3557	1
3558	1
3559	0
3561	0
3562	1
3563	1
3564	1
3565	1
3566	1
3568	0
3569	1
3572	1
3573	0
3574	1
3575	1
3576	0
3577	1
3578	1
3579	0
3580	1
3581	0
3582	0
3584	1
3586	1
3587	1
3588	0
3589	0
3590	1
3591	0
3594	1
3595	0
3596	1
3597	1
3598	1
3599	1
3600	0
3601	1
3602	0
3603	0
3606	1
3608	0
3609	1
3610	1
3611	1
3612	1
3613	1
3614	1
3615	1
3617	1
3619	1
3620	1
3621	1
3622	1
3623	1
3624	1
3625	1
3627	1
3628	0
3629	1
3630	1
3631	1
3632	1
3633	1
3635	1
3636	1
3637	1
3638	1
3639	1
3640	1
3642	1
3643	0
3644	1
3645	1
3647	1
3648	0
3649	1
3650	1
3652	1
3653	1
3654	0
3656	1
3657	0
3658	1
3659	1
3661	1
3662	0
3663	0
3664	1
3665	1
3666	0
3667	0
3668	1
3670	1
3671	1
3672	1
3673	1
3674	1
3675	0
3676	0
3677	1
3678	1
3679	0
3680	1
3681	0
3682	1
3683	1
3684	1
3685	1
3687	1
3688	1
3689	1
3690	1
3691	1
3692	1
3695	1
3696	1
3698	0
3699	1
3700	1
3701	1
3702	1
3703	0
3704	1
3707	1
3708	1
3709	1
3712	0
3713	1
3714	1
3716	1
3719	1
3720	1
3722	1
3723	1
3724	1
3725	1
3726	1
3728	1
3729	1
3730	1
3732	1
3733	1
3734	1
3735	1
3736	1
3737	1
3738	1
3739	1
3740	1
3741	1
3743	1
3744	0
3746	1
3747	1
3748	0
3749	0
3750	0
3752	1
3754	0
3756	1
3758	1
3759	1
3760	1
3761	1
3762	1
3763	1
3765	0
3766	1
3767	1
3768	1
3769	0
3770	1
3772	1
3774	1
3775	0
3776	1
3777	1
3778	0
3779	1
3783	0
3785	0
3786	0
3788	0
3790	1
3791	1
3793	0
3795	1
3796	1
3797	1
3798	1
3799	1
3800	1
3801	1
3803	1
3804	0
3805	1
3806	0
3807	1
3808	1
3809	1
3810	1
3811	1
3812	1
3813	1
3814	1
3817	1
3818	1
3819	1
3820	1
3821	1
3822	1
3823	1
3824	1
3825	1
3826	1
3827	1
3828	0
3829	1
3830	0
3831	0
3832	1
3834	1
3835	0
3836	1
3837	0
3839	0
3840	1
3841	0
3843	1
3844	1
3845	1
3847	1
3848	1
3850	1
3851	1
3853	1
3854	1
3855	0
3856	1
3857	0
3858	1
3860	1
3863	1
3865	1
3866	1
3867	1
3868	1
3870	1
3873	1
3874	1
3875	1
3876	1
3877	1
3878	1
3879	1
3882	1
3883	1
3884	1
3885	1
3888	1
3889	1
3890	0
3891	1
3892	1
3893	1
3894	0
3895	1
3898	1
3899	0
3900	1
3902	1
3903	1
3904	1
3905	1
3906	0
3907	1
3908	1
3909	1
3911	1
3912	1
3913	1
3914	0
3915	1
3916	0
3917	1
3918	1
3919	1
3920	1
3923	1
3924	1
3925	1
3927	1
3928	1
3930	1
3931	1
3932	0
3933	1
3934	1
3936	1
3937	1
3938	1
3939	1
3940	1
3941	1
3942	0
3943	0
3945	0
3946	1
3947	0
3948	1
3950	0
3951	0
3952	1
3953	1
3954	1
3955	1
3956	1
3957	1
3958	0
3959	0
3960	1
3961	0
3962	1
3963	1
3964	1
3965	1
3966	0
3967	1
3969	0
3970	0
3971	0
3972	1
3973	1
3974	0
3975	0
3976	1
3977	1
3979	1
3980	0
3981	1
3983	1
3985	1
3986	0
3987	0
3988	1
3989	1
3990	1
3991	1
3992	1
3993	1
3994	1
3995	1
3996	1
3997	1
3998	1
3999	1
4000	0
4003	1
4004	1
4005	1
4007	1
4008	1
4009	1
4010	1
4011	1
4012	1
4013	1
4014	0
4015	1
4016	1
4017	0
4018	1
4021	1
4023	1
4024	0
4025	1
4026	0
4027	1
4029	1
4030	1
4031	1
4032	1
4033	1
4034	1
4036	1
4037	1
4039	1
4040	1
4041	1
4042	0
4044	1
4045	1
4046	1
4047	0
4048	1
4049	1
4050	1
4052	1
4054	1
4055	1
4056	1
4057	1
4058	1
4059	1
4060	1
4061	1
4062	0
4063	1
4064	0
4065	1
4066	1
4067	1
4068	1
4069	1
4070	1
4073	1
4075	1
4078	1
4079	1
4082	1
4083	1
4084	0
4085	0
4087	1
4088	1
4089	1
4090	1
4091	0
4092	1
4093	1
4094	1
4096	1
4097	1
4099	1
4100	1
4102	1
4104	1
4105	1
4106	0
4107	1
4109	0
4110	1
4111	1
4112	1
4113	1
4114	1
4115	1
4116	1
4117	1
4119	1
4120	1
4123	1
4124	1
4125	1
4126	1
4128	1
4130	1
4131	1
4132	1
4133	0
4134	1
4135	1
4136	1
4137	1
4138	1
4140	1
4141	1
4142	0
4143	1
4144	0
4146	0
4147	0
4148	1
4149	1
4150	1
4151	1
4152	1
4153	1
4154	1
4155	1
4156	1
4157	0
4158	0
4159	1
4162	1
4163	1
4164	0
4165	0
4166	1
4167	0
4168	1
4169	1
4170	1
4171	1
4172	0
4173	0
4174	1
4175	1
4176	1
4177	0
4178	0
4179	1
4180	0
4181	1
4182	1
4183	1
4184	1
4185	1
4186	0
4187	1
4188	1
4189	1
4190	0
4191	1
4192	1
4193	1
4194	0
4196	0
4197	1
4198	0
4199	1
4200	0
4202	1
4203	1
4204	0
4205	0
4206	1
4207	0
4208	1
4209	1
4211	1
4212	1
4213	0
4214	1
4215	1
4217	1
4218	1
4219	1
4221	0
4222	0
4223	0
4224	0
4225	0
4226	1
4227	1
4228	1
4229	1
4230	0
4231	0
4232	1
4233	0
4234	1
4236	1
4237	1
4238	1
4239	1
4241	1
4242	1
4243	1
4244	1
4245	0
4246	1
4247	1
4249	0
4250	1
4251	0
4252	1
4253	1
4254	1
4255	0
4256	1
4257	1
4259	1
4261	0
4262	1
4263	1
4264	1
4265	1
4267	0
4268	1
4270	1
4271	1
4272	1
4273	0
4275	0
4276	1
4277	0
4278	1
4279	1
4281	1
4282	0
4283	1
4284	1
4285	1
4286	1
4287	0
4288	1
4289	1
4291	1
4292	0
4296	1
4297	0
4298	0
4299	0
4300	1
4302	1
4303	1
4305	1
4307	1
4311	1
4312	0
4313	1
4315	1
4316	0
4317	1
4319	1
4320	1
4321	0
4322	1
4323	1
4324	1
4326	1
4328	0
4330	1
4331	0
4332	1
4335	0
4336	1
4337	0
4338	1
4341	1
4342	1
4344	0
4345	1
4346	0
4347	1
4349	1
4350	1
4352	1
4355	1
4356	0
4357	1
4358	1
4360	1
4361	1
4362	1
4363	1
4364	0
4365	1
4367	1
4368	1
4369	1
4370	0
4371	1
4372	1
4373	1
4374	0
4375	0
4376	1
4377	1
4378	1
4380	1
4381	1
4382	0
4384	1
4385	1
4386	0
4387	1
4388	1
4389	1
4390	0
4391	1
4392	1
4393	1
4394	1
4396	1
4398	0
4399	0
4400	1
4401	0
4402	1
4404	1
4406	1
4407	0
4408	1
4410	1
4412	1
4413	1
4415	1
4416	1
4417	0
4418	0
4420	1
4421	1
4422	1
4423	1
4424	1
4425	1
4426	1
4427	1
4429	0
4430	1
4431	1
4432	1
4433	0
4434	1
4435	1
4436	0
4437	1
4438	1
4440	1
4441	1
4442	1
4443	0
4445	1
4448	1
4450	1
4451	0
4452	1
4454	1
4455	0
4456	1
4457	0
4458	1
4459	1
4460	1
4461	0
4462	1
4463	0
4464	1
4465	1
4467	0
4468	0
4469	1
4470	1
4471	0
4473	1
4474	1
4475	1
4476	1
4477	1
4478	1
4479	1
4481	0
4482	0
4483	0
4484	1
4485	1
4486	1
4487	1
4488	1
4491	1
4492	0
4493	1
4494	1
4495	1
4496	1
4497	1
4499	1
4500	1
4501	1
4502	1
4503	0
4504	1
4507	1
4508	1
4509	1
4510	1
4511	1
4512	1
4513	1
4514	1
4515	1
4516	0
4517	1
4518	1
4520	1
4521	1
4522	1
4523	1
4524	1
4525	1
4526	1
4527	1
4528	1
4529	0
4530	1
4531	1
4533	1
4534	1
4535	1
4536	0
4537	1
4538	1
4540	1
4541	1
4542	1
4543	1
4544	1
4545	1
4546	1
4547	1
4548	0
4549	1
4550	1
4551	1
4552	0
4554	0
4555	1
4556	1
4558	1
4559	1
4560	0
4561	1
4562	0
4564	1
4565	1
4566	1
4567	0
4569	1
4571	0
4572	1
4573	1
4574	0
4575	0
4577	1
4578	0
4579	0
4580	1
4581	0
4582	1
4583	0
4584	1
4585	1
4586	1
4588	1
4589	0
4591	1
4592	0
4594	1
4595	0
4596	0
4597	0
4598	0
4599	1
4601	1
4602	0
4603	1
4604	1
4606	1
4607	0
4608	0
4609	0
4611	0
4612	1
4613	0
4614	1
4615	1
4616	0
4618	0
4620	1
4621	1
4623	1
4624	1
4625	1
4626	1
4627	0
4629	0
4630	1
4632	1
4633	1
4634	1
4636	0
4637	1
4638	1
4639	1
4642	1
4643	1
4644	0
4646	1
4647	1
4649	1
4652	1
4653	1
4654	0
4655	1
4656	1
4657	1
4658	0
4659	0
4662	1
4663	0
4664	1
4665	1
4666	1
4667	1
4668	1
4670	1
4671	1
4672	1
4673	0
4674	0
4675	1
4676	1
4677	1
4678	1
4679	1
4680	0
4682	1
4683	0
4684	1
4687	1
4688	1
4689	0
4691	0
4693	1
4694	1
4695	1
4697	0
4699	0
4700	1
4701	1
4702	1
4703	1
4704	0
4705	1
4706	1
4707	1
4708	1
4710	1
4711	1
4712	1
4713	1
4715	0
4716	1
4717	1
4718	0
4719	1
4720	1
4721	1
4722	1
4723	0
4724	1
4726	0
4727	1
4729	1
4731	1
4733	1
4734	1
4735	1
4736	1
4737	1
4738	1
4739	0
4740	1
4743	1
4744	0
4745	1
4746	1
4747	1
4748	1
4749	0
4750	1
4751	0
4752	1
4753	0
4754	0
4755	1
4756	1
4757	0
4758	0
4759	1
4762	1
4763	1
4764	0
4767	1
4768	1
4770	0
4771	1
4772	1
4774	1
4776	1
4777	1
4778	1
4779	1
4780	0
4781	1
4782	1
4783	0
4784	0
4785	1
4788	1
4789	0
4792	0
4794	1
4796	0
4797	1
4798	0
4799	1
4801	1
4802	0
4803	0
4804	1
4805	1
4806	1
4807	1
4808	0
4809	1
4810	1
4811	1
4813	1
4814	0
4815	0
4816	1
4819	1
4820	1
4821	0
4822	1
4823	1
4825	1
4826	1
4827	0
4828	1
4829	1
4830	0
4831	1
4833	0
4834	1
4835	0
4836	1
4837	1
4838	0
4839	0
4841	0
4842	1
4843	1
4845	0
4846	1
4847	0
4848	0
4849	0
4850	1
4853	0
4854	1
4858	0
4859	1
4861	1
4863	1
4864	0
4865	1
4867	1
4869	0
4870	1
4871	1
4872	1
4873	0
4874	1
4875	0
4876	1
4877	1
4878	1
4880	1
4881	1
4882	0
4883	1
4884	1
4885	0
4886	1
4887	0
4888	1
4889	0
4890	1
4891	1
4892	1
4893	1
4894	0
4896	1
4897	1
4898	1
4899	1
4900	1
4901	1
4902	1
4903	1
4904	0
4906	0
4908	0
4909	1
4910	0
4911	0
4912	0
4913	0
4914	1
4915	1
4916	1
4917	0
4918	1
4919	1
4920	0
4921	1
4922	1
4924	0
4926	1
4927	0
4928	1
4929	1
4930	1
4931	1
4932	1
4933	0
4934	1
4935	0
4936	1
4937	0
4938	1
4939	0
4940	1
4941	1
4942	0
4943	1
4944	1
4945	0
4946	1
4947	1
4948	1
4950	0
4951	0
4952	1
4953	1
4954	1
4955	1
4956	1
4960	1
4961	1
4962	1
4963	1
4964	1
4965	1
4966	1
4967	0
4968	1
4969	0
4970	1
4971	1
4972	0
4973	1
4976	1
4977	1
4978	1
4980	1
4981	1
4983	1
4984	1
4985	1
4986	0
4987	1
4988	1
4989	0
4990	0
4991	0
4992	1
4993	1
4994	1
4995	1
4997	0
4998	0
4999	1
5000	0
5001	1
5002	1
5003	0
5004	1
5005	1
5006	0
5007	1
5008	0
5009	1
5010	1
5013	1
5014	1
5016	1
5017	0
5018	1
5019	0
5020	1
5021	1
5023	0
5024	1
5026	0
5029	1
5030	0
5031	1
5032	0
5033	0
5034	0
5035	1
5036	1
5037	1
5038	0
5040	0
5042	0
5043	0
5044	1
5045	1
5046	1
5048	1
5049	0
5050	0
5051	1
5052	1
5053	1
5054	0
5055	1
5056	1
5058	1
5059	1
5061	1
5062	0
5063	1
5064	1
5066	1
5067	1
5068	0
5069	1
5070	0
5071	1
5073	1
5074	1
5075	1
5077	1
5078	1
5079	0
5081	1
5082	1
5083	1
5084	1
5085	1
5086	0
5087	1
5088	0
5089	0
5091	1
5092	1
5093	1
5094	0
5095	1
5096	1
5097	1
5098	1
5099	1
5100	1
5101	1
5102	0
5104	1
5105	0
5106	0
5107	0
5109	1
5110	1
5112	1
5113	0
5115	1
5116	0
5117	1
5118	0
5119	1
5121	1
5122	1
5124	1
5125	1
5126	1
5127	1
5128	1
5129	0
5130	0
5131	1
5133	1
5134	1
5135	1
5136	1
5138	1
5139	1
5140	1
5141	1
5144	1
5145	1
5146	1
5147	1
5148	1
5149	1
5150	1
5151	0
5152	1
5153	1
5154	1
5156	1
5157	0
5158	1
5159	0
5161	1
5162	1
5163	0
5164	1
5165	1
5167	1
5168	0
5170	1
5171	0
5172	1
5173	1
5174	0
5175	1
5176	1
5177	1
5178	1
5179	1
5181	0
5182	0
5183	1
5184	0
5185	1
5187	0
5188	0
5189	0
5190	0
5191	1
5192	1
5193	1
5194	1
5195	1
5196	0
5197	0
5198	0
5199	0
5200	1
5202	0
5203	1
5204	1
5208	1
5209	0
5210	1
5211	1
5212	1
5213	0
5214	0
5215	1
5216	1
5218	1
5219	1
5220	0
5221	1
5222	1
5223	1
5224	1
5225	1
5226	1
5227	1
5229	1
5230	1
5231	1
5232	1
5233	0
5234	1
5235	1
5236	1
5237	0
5238	1
5239	0
5242	1
5243	1
5244	0
5245	0
5246	0
5247	0
5248	0
5249	1
5250	0
5253	1
5254	1
5256	0
5257	1
5258	1
5259	1
5260	1
5262	1
5264	1
5265	1
5266	1
5268	1
5269	1
5271	1
5273	1
5276	1
5277	0
5278	0
5279	1
5280	1
5281	0
5282	1
5283	1
5284	1
5286	1
5287	1
5289	0
5290	1
5291	1
5292	1
5293	1
5294	1
5295	0
5296	1
5297	1
5298	1
5299	1
5300	1
5301	0
5303	0
5305	0
5307	1
5308	1
5309	0
5311	1
5312	1
5314	1
5315	1
5316	0
5317	1
5319	0
5320	1
5322	1
5323	1
5324	0
5325	1
5326	1
5327	0
5328	0
5330	1
5331	1
5332	0
5333	0
5334	1
5335	1
5336	0
5337	1
5338	1
5339	0
5340	0
5341	0
5342	0
5343	0
5344	0
5346	1
5347	1
5348	0
5349	1
5350	0
5351	0
5353	0
5354	1
5356	0
5357	1
5359	1
5362	1
5364	1
5365	1
5366	1
5367	0
5368	1
5369	1
5370	1
5371	1
5372	1
5373	1
5374	1
5375	1
5376	0
5377	1
5378	1
5379	1
5380	1
5381	1
5382	1
5384	1
5387	0
5388	1
5389	1
5390	1
5391	1
5392	1
5393	1
5394	1
5395	1
5396	1
5397	1
5399	0
5400	0
5401	0
5402	1
5404	0
5405	0
5406	0
5407	1
5408	1
5410	0
5412	1
5413	1
5414	0
5415	0
5416	1
5417	0
5418	0
5419	0
5420	1
5421	1
5422	0
5423	0
5424	1
5425	1
5427	0
5428	0
5430	1
5431	1
5432	0
5435	1
5436	1
5437	1
5439	0
5440	1
5442	1
5444	1
5445	0
5448	1
5449	1
5450	0
5451	1
5452	1
5454	0
5455	1
5456	1
5457	0
5458	0
5460	1
5461	1
5463	1
5464	0
5465	1
5466	1
5467	1
5468	1
5471	1
5472	1
5473	1
5474	1
5475	0
5476	1
5477	1
5478	1
5479	0
5480	1
5481	1
5482	0
5483	1
5484	1
5486	1
5487	1
5488	1
5489	1
5491	1
5492	1
5493	0
5495	1
5496	1
5497	0
5498	0
5500	1
5501	1
5502	0
5503	1
5504	0
5505	0
5506	1
5507	1
5508	1
5509	1
5510	1
5511	0
5512	1
5513	0
5515	0
5518	1
5519	1
5520	0
5521	1
5523	0
5524	0
5525	0
5526	1
5527	1
5528	1
5530	1
5531	1
5532	0
5533	1
5534	1
5535	1
5536	0
5537	1
5538	0
5539	1
5540	1
5542	1
5543	1
5544	0
5545	1
5546	0
5547	0
5548	0
5549	1
5550	0
5551	1
5552	1
5553	1
5554	1
5556	1
5557	1
5558	1
5559	0
5560	0
5561	0
5562	0
5564	1
5565	1
5566	1
5567	1
5568	0
5569	1
5570	0
5571	0
5572	0
5573	1
5574	1
5575	1
5576	1
5577	0
5578	0
5579	1
5580	1
5581	1
5583	0
5584	1
5585	1
5586	1
5587	0
5588	0
5589	0
5591	1
5592	1
5594	1
5595	1
5596	0
5598	1
5600	1
5601	1
5602	1
5603	1
5605	0
5606	1
5607	1
5608	0
5611	0
5612	0
5613	1
5614	1
5615	1
5616	1
5617	0
5618	0
5619	1
5620	1
5621	1
5622	1
5624	1
5625	1
5626	1
5627	1
5628	1
5629	1
5630	1
5631	0
5632	1
5633	1
5635	1
5636	1
5637	1
5638	0
5641	1
5642	0
5643	0
5644	1
5645	1
5646	1
5647	1
5649	0
5650	0
5651	1
5652	1
5653	1
5655	1
5656	1
5657	1
5658	1
5660	0
5661	1
5662	0
5663	1
5664	1
5665	1
5666	1
5668	1
5669	1
5671	0
5675	1
5676	1
5677	1
5678	1
5679	1
5680	0
5681	1
5682	0
5685	1
5686	0
5687	0
5688	1
5690	1
5691	0
5694	0
5695	0
5697	1
5698	1
5699	0
5700	1
5701	1
5702	1
5704	0
5706	1
5707	1
5709	1
5710	1
5712	0
5713	1
5714	1
5716	1
5717	0
5718	1
5720	1
5721	1
5723	1
5725	1
5726	1
5727	0
5728	1
5730	0
5731	0
5732	1
5733	0
5734	1
5735	1
5737	1
5738	1
5739	1
5740	1
5742	0
5743	0
5747	1
5748	1
5749	1
5750	0
5751	0
5752	1
5754	0
5755	0
5757	0
5759	1
5760	1
5761	0
5762	0
5763	0
5764	1
5765	1
5766	1
5767	0
5768	1
5770	1
5771	1
5772	1
5774	1
5775	1
5776	1
5777	1
5778	1
5780	1
5781	0
5785	1
5786	1
5787	1
5789	0
5790	1
5791	1
5792	1
5793	1
5794	1
5795	0
5796	1
5797	1
5798	1
5799	1
5800	1
5801	0
5802	1
5804	0
5805	0
5806	1
5807	0
5808	1
5809	1
5810	1
5811	0
5812	1
5813	1
5815	1
5817	1
5818	1
5820	1
5821	0
5822	1
5823	1
5824	0
5826	1
5827	1
5828	0
5830	1
5831	0
5833	1
5834	0
5835	1
5836	1
5837	0
5838	1
5839	0
5840	0
5844	0
5845	1
5846	0
5847	1
5849	0
5850	0
5852	1
5853	1
5854	1
5855	0
5856	0
5858	1
5859	0
5860	0
5861	0
5862	0
5864	1
5865	0
5866	0
5867	1
5868	0
5869	1
5872	1
5873	1
5874	1
5875	1
5877	0
5878	1
5879	1
5880	1
5881	1
5882	0
5883	1
5884	1
5886	0
5887	1
5888	1
5889	1
5891	1
5892	1
5894	1
5896	1
5897	0
5898	1
5899	1
5901	1
5902	1
5904	0
5905	0
5906	1
5907	1
5908	1
5912	0
5913	1
5915	1
5916	0
5918	1
5919	0
5920	1
5921	1
5922	1
5923	1
5924	0
5925	0
5926	1
5927	1
5928	0
5929	0
5930	0
5931	1
5932	1
5933	1
5935	1
5936	1
5937	1
5939	1
5940	0
5941	1
5942	0
5944	0
5945	0
5946	0
5947	1
5948	1
5949	1
5950	1
5951	0
5953	1
5954	0
5955	0
5956	1
5957	1
5958	0
5959	0
5960	0
5961	1
5963	1
5964	1
5966	1
5968	1
5969	1
5970	1
5973	0
5974	1
5975	0
5976	1
5978	1
5979	1
5980	1
5981	1
5982	1
5983	1
5985	0
5986	1
5987	1
5989	0
5990	0
5991	0
5992	0
5993	1
5994	0
5995	0
5997	1
5998	0
6000	0
6001	1
6002	0
6003	0
6004	0
6006	1
6008	0
6009	1
6010	1
6011	1
6012	0
6014	0
6015	1
6016	0
6017	1
6018	1
6019	1
6020	1
6021	1
6022	1
6023	1
6024	0
6025	1
6026	1
6027	1
6028	0
6030	0
6031	1
6033	1
6036	0
6038	0
6039	1
